Minion/Game,KDA,Death/Lose,Damage to Champion,GoldSpent/Assist,Minions/Assist,Wards Placed,DamageChampion/Kill,Kill/Game,WardsPlaced/Game,Kill/Win,Minions/Kill,WardsPlaced/Win,GoldSpent/Kill,Deaths,Wards/Assist,Assist/Win,Gold Earned,Wins,GoldEarned/Game,Win/Game,Minion/Win,Kills,Assist/Game,DamageChampion/Win,DamageChampion/Assist,Role,DamageChampion/Game,Assists,Games,Damage Taken,Gold Spent,DamageTaken/Lose,Minions Killed,Wards/Kill,DamageTaken/Death,Death/Game,GoldSpent/Game,GoldSpent/Win,Champion Name,Loses
" 148,728723404"," 2,004123711"," 8,981481481",2931237," 1944,523900574"," 26,731357553",1883," 3264,183741648"," 4,776595745"," 10,015957447"," 11,225"," 31,136971047"," 23,5375"," 2265,002227171",970," 1,800191205"," 13,075",2193205,80," 11665,984042553"," 0,425531915"," 349,5125",898," 5,563829787"," 36640,4625"," 2802,329827916",TOP," 15591,686170213",1046,188,5504094,2033972," 50963,833333333",27961," 2,09688196"," 5674,32371134"," 5,159574468"," 10819,0"," 25424,65",Aatrox,108
" 181,087837838"," 2,757849718"," 10,061002179",81006509," 1520,598247855"," 25,43624749",42756," 3440,058985901"," 6,11954262"," 11,111226611"," 11,703777336"," 29,591727535"," 21,250497018"," 1769,016009852",18472," 1,56072276"," 13,615805169",45571341,2012," 11842,864085239"," 0,522869023"," 346,33499006",23548," 7,119282744"," 40261,684393638"," 2956,981529476",MIDDLE," 21051,587577963",27395,3848,69908130,41656789," 38076,323529412",696826," 1,8156956"," 3784,545799047"," 4,8004158"," 10825,568866944"," 20704,169483101",Ahri,1836
" 157,293506494"," 2,11423221"," 13,095367847",14614532," 2051,751705653"," 29,511695906",7417," 2412,833415882"," 7,866233766"," 9,632467532"," 15,029776675"," 19,996037642"," 18,404466501"," 1390,191348853",4806," 1,807261209"," 10,183622829",9155215,403," 11889,88961039"," 0,523376623"," 300,535980149",6057," 5,32987013"," 36264,347394541"," 3561,045808967",MIDDLE," 18979,911688312",4104,770,20133319,8420389," 54859,179836512",121116," 1,224533597"," 4189,204952143"," 6,241558442"," 10935,57012987"," 20894,265508685",Akali,367
" 38,440654843"," 2,990105133"," 9,287484885",39353790," 608,577885313"," 3,06790467",172750," 4275,262357414"," 1,395331211"," 26,186145218"," 2,798723016"," 27,549483976"," 52,523563393"," 5464,969907659",30723," 2,089886281"," 25,132259045",55937149,3289," 8479,179778687"," 0,498559951"," 77,103374886",9205," 12,529937851"," 11965,275159623"," 476,092305831",SUPPORT," 5965,407003183",82660,6597,160687525,50305048," 48575,430773881",253593," 18,76697447"," 5230,202942421"," 4,657116871"," 7625,443080188"," 15294,937062937",Alistar,3308
" 48,149521531"," 2,779986292"," 10,085253456",12930756," 1040,890562485"," 4,736761591",9264," 3523,366757493"," 4,389952153"," 11,081339713"," 9,129353234"," 10,968119891"," 23,044776119"," 2410,214713896",4377," 1,090138856"," 21,139303483",9540885,402," 11412,541866029"," 0,480861244"," 100,131840796",3670," 10,16507177"," 32166,059701493"," 1521,62344081",JUNGLE," 15467,411483254",8498,836,25712452,8845488," 59245,281105991",40253," 2,524250681"," 5874,446424492"," 5,235645933"," 10580,727272727"," 22003,701492537",Amumu,434
" 183,920392585"," 2,817242249"," 8,671038251",36710962," 1592,186912099"," 27,352416477",21124," 3663,768662675"," 5,46346783"," 11,517993457"," 10,903155604"," 33,663672655"," 22,985854189"," 1959,565768463",7934," 1,71294194"," 13,418933624",21721397,919," 11843,727917121"," 0,501090513"," 367,040261153",10020," 6,724100327"," 39946,639825898"," 2976,886312034",MIDDLE," 20016,882224646",12332,1834,42602463,19634849," 46560,068852459",337310," 2,108183633"," 5369,607133854"," 4,32606325"," 10706,024536532"," 21365,450489663",Anivia,915
" 144,487414188"," 2,385425184"," 11,233065442",32878686," 1366,232880868"," 19,152498673",22740," 3238,641252955"," 5,80778032"," 13,009153318"," 11,575826682"," 24,878250591"," 25,929304447"," 1774,676221434",9784," 1,724425571"," 15,036488027",19743093,877," 11294,675629291"," 0,501716247"," 287,98631699",10152," 7,544050343"," 37489,949828962"," 2493,265033745",MIDDLE," 18809,316933638",13187,1748,29789670,18016513," 34201,68771527",252564," 2,239952719"," 3044,733237939"," 5,597254005"," 10306,929633867"," 20543,344355758",Annie,871
" 194,094165353"," 2,417499381"," 11,36461755",86007548," 1404,227574609"," 24,558447111",39238," 3665,510910331"," 5,285875197"," 8,839378238"," 10,166377816"," 36,719399932"," 17,000866551"," 2099,57875895",24218," 1,118433429"," 15,200606586",54144467,2308," 12197,446947511"," 0,519936923"," 373,303292894",23464," 7,903356612"," 37264,968804159"," 2451,544850782",ADC," 19375,433205677",35083,4439,73147638,49264516," 34325,498826842",861584," 1,672263894"," 3020,383103477"," 5,455733273"," 11098,111286326"," 21345,110918544",Ashe,2131
" 172,8091354"," 2,847511027"," 11,020833333",25841234," 1283,149858991"," 20,603325878",13932," 3315,954574618"," 6,356443719"," 11,363784666"," 11,989230769"," 27,186449378"," 21,433846154"," 1693,138714231",6348," 1,354857532"," 15,82",14408730,650," 11752,634584013"," 0,530179445"," 325,944615385",7793," 8,387438825"," 39755,744615385"," 2513,005348634",MIDDLE," 21077,67862969",10283,1226,28119575,13194630," 48818,706597222",211864," 1,787758245"," 4429,674700693"," 5,177814029"," 10762,340946166"," 20299,430769231",Aurelion Sol,576
" 197,589397742"," 2,149208608"," 10,119376125",70289746," 1768,915300685"," 31,967267191",34712," 4247,114561934"," 5,191342535"," 10,888331242"," 10,880999343"," 38,061329305"," 22,821827745"," 2106,131480363",16869," 1,761583354"," 12,955292571",37970392,1521," 11910,411543287"," 0,477101631"," 414,145299145",16550," 6,180991217"," 46212,850756082"," 3567,102055316",MIDDLE," 22048,226474279",19705,3188,59329571,34856476," 35590,624475105",629915," 2,097401813"," 3517,076945877"," 5,29140527"," 10933,649937265"," 22916,815253123",Azir,1667
" 18,963220676"," 2,87872911"," 10,236764706",81681154," 642,807519443"," 1,491147849",217714," 4567,020072687"," 2,222291252"," 27,05193837"," 4,507308468"," 8,533184233"," 54,867439516"," 3678,505116019",41766," 2,127193497"," 25,793346774",73461143,3968," 9127,875621272"," 0,49304175"," 38,461693548",17885," 12,717196819"," 20584,968245968"," 798,07279087",SUPPORT," 10149,248757455",102348,8048,146887279,65790064," 36001,784068627",152616," 12,172994129"," 3516,91038165"," 5,189612326"," 8174,709741551"," 16580,157258065",Bard,4080
" 39,366148131"," 2,540867123"," 10,946902655",37821228," 694,784160747"," 3,383151089",108139," 3938,890647782"," 2,22939401"," 25,1077316"," 4,44537037"," 17,657779629"," 50,064351852"," 3626,307331806",23503," 2,157773964"," 23,201851852",38682090,2160," 8981,214302299"," 0,501509171"," 78,49537037",9602," 11,635941491"," 17509,827777778"," 754,673716977",SUPPORT," 8781,339215231",50116,4307,96070213,34819803," 44746,256637168",169550," 11,262132889"," 4087,572352466"," 5,456930578"," 8084,467843046"," 16120,279166667",Blitzcrank,2147
" 89,212589729"," 2,105077453"," 12,630434783",39436508," 1153,517154487"," 10,438973961",33286," 4389,638023152"," 4,960795141"," 18,379900607"," 10,08305275"," 17,983526269"," 37,358024691"," 1987,197796082",11620," 2,150675195"," 17,37037037",19572788,891," 10807,723909442"," 0,491993374"," 181,328843996",8984," 8,546107123"," 44260,951739618"," 2548,071848549",MIDDLE," 21776,094975152",15477,1811,33974178,17852985," 36928,454347826",161564," 3,705031167"," 2923,76746988"," 6,416344561"," 9858,081170624"," 20037,02020202",Brand,920
" 40,055347233"," 3,050341847"," 9,436396835",45401547," 595,359970895"," 3,084347786",180772," 5673,065975259"," 1,200389981"," 27,114444278"," 2,367051168"," 33,368611771"," 53,467021591"," 6441,016743721",31008," 2,087870458"," 25,608399882",57345563,3381," 8601,404379781"," 0,507124644"," 78,985211476",8003," 12,986650667"," 13428,437444543"," 524,376279134",SUPPORT," 6809,891555422",86582,6667,148196496,51547457," 45099,359707851",267049," 22,588029489"," 4779,29876161"," 4,650967452"," 7731,731963402"," 15246,216208222",Braum,3286
" 201,765411974"," 2,250655263"," 10,554746651",143475872," 1696,000022391"," 30,486184505",61131," 3886,655072464"," 5,470509781"," 9,059128631"," 11,13910682"," 36,882378437"," 18,446288473"," 2051,831531898",36245," 1,368808777"," 13,476161738",83256359,3314," 12337,931090694"," 0,491108477"," 410,836753168",36915," 6,618257261"," 43293,866022933"," 3212,62588446",ADC," 21261,984588026",44660,6748,117454033,75743361," 34203,271112405",1361513," 1,655993499"," 3240,558228721"," 5,371221103"," 11224,564463545"," 22855,570609535",Caitlyn,3434
" 186,059555221"," 2,244300115"," 11,413899614",56149621," 1703,452543075"," 29,227070875",29603," 3448,146708425"," 6,13795703"," 11,158311346"," 11,991163476"," 30,312945222"," 21,798969072"," 1766,740972734",14781," 1,752797679"," 12,436671576",31532273,1358," 11885,515642669"," 0,511873351"," 363,487481591",16284," 6,366000754"," 41347,290868925"," 3324,626739298",MIDDLE," 21164,576328685",16889,2653,53936644,28769610," 41649,918146718",493616," 1,81791943"," 3649,052432176"," 5,571428571"," 10844,180173389"," 21185,27982327",Cassiopeia,1295
" 151,675912409"," 2,377852145"," 8,788770053",11105215," 1699,172062905"," 24,028214616",7297," 3180,187571592"," 5,097810219"," 10,652554745"," 11,22829582"," 29,753150057"," 23,463022508"," 2104,01489118",3287," 1,687557817"," 13,903536977",7966437,311," 11629,835036496"," 0,454014599"," 334,077170418",3492," 6,312408759"," 35708,08681672"," 2568,273589269",MIDDLE," 16211,99270073",4324,685,20596932,7347220," 55072,010695187",103898," 2,089633448"," 6266,17949498"," 4,798540146"," 10725,868613139"," 23624,501607717",Cho'Gath,374
" 189,320604161"," 2,461125857"," 9,985643291",80038794," 1711,941981632"," 29,332656305",36978," 3661,594491971"," 6,229410088"," 10,538045027"," 12,873380448"," 30,391417723"," 21,777385159"," 1773,734480077",18084," 1,632726952"," 13,338044759",42171198,1698," 12018,010259333"," 0,483898547"," 391,240282686",21859," 6,454260473"," 47137,098939929"," 3534,033645355",ADC," 22809,573667712",22648,3509,67737711,38772062," 37403,484815019",664326," 1,691660186"," 3745,72611148"," 5,153605016"," 11049,319464235"," 22833,958775029",Corki,1811
" 183,681394207"," 1,905304318"," 10,943255814",34867004," 2068,73460076"," 35,566444867",21369," 2931,478392467"," 5,838978891"," 10,490427099"," 12,363825364"," 31,457793846"," 22,213097713"," 1829,753489154",11764," 2,031273764"," 10,935550936",23444824,962," 11509,486499755"," 0,472263132"," 388,938669439",11894," 5,164457536"," 36244,286902287"," 3314,353992395",TOP," 17116,840451645",10520,2037,62479890,21763088," 58120,827906977",374159," 1,796620145"," 5311,109316559"," 5,775159548"," 10683,891998036"," 22622,752598753",Darius,1075
" 141,377867746"," 2,283353438"," 10,99469496",29183665," 1794,798065556"," 22,517141322",14959," 3032,384143807"," 6,493927126"," 10,093792173"," 13,21978022"," 21,77078138"," 20,548076923"," 1735,307148795",8290," 1,607630306"," 12,781593407",18189340,728," 12273,50877193"," 0,49122807"," 287,804945055",9624," 6,278677463"," 40087,451923077"," 3136,342289092",MIDDLE," 19692,081646424",9305,1482,31532390,16700596," 41820,145888594",209522," 1,554343308"," 3803,665862485"," 5,593792173"," 11268,958164642"," 22940,379120879",Diana,754
" 153,473087819"," 2,206316411"," 8,915789474",12496678," 1558,226419167"," 23,387006259",7428," 4397,142153413"," 4,025495751"," 10,521246459"," 8,717791411"," 38,125263899"," 22,785276074"," 2540,205137227",3388," 1,603280812"," 14,211656442",7884454,326," 11167,781869688"," 0,461756374"," 332,36809816",2842," 6,562322946"," 38333,36809816"," 2697,318799914",TOP," 17700,677053824",4633,706,24348984,7219263," 64076,273684211",108352," 2,613652357"," 7186,831168831"," 4,798866856"," 10225,584985836"," 22144,978527607",Dr. Mundo,380
" 184,856053384"," 2,072517545"," 11,728476821",43534285," 2069,977209149"," 31,909494817",17210," 3215,472708472"," 6,453288847"," 8,203050524"," 13,005763689"," 28,645247064"," 16,532180596"," 1858,224610385",12397," 1,415994734"," 11,6753122",27323353,1041," 13023,523832221"," 0,496186845"," 372,553314121",13539," 5,79313632"," 41819,678194044"," 3581,889501399",ADC," 20750,374165872",12154,2098,41060589,25158503," 38846,347209082",387828," 1,271142625"," 3312,139146568"," 5,908960915"," 11991,660152526"," 24167,630163305",Draven,1057
" 151,673694779"," 2,505839913"," 10,089335709",144517350," 1587,752878089"," 22,659766753",87877," 3141,681521739"," 5,773092369"," 11,02873996"," 11,388957663"," 26,272521739"," 21,757118099"," 1840,895913043",39641," 1,647673154"," 13,204753652",91296323,4039," 11457,87186245"," 0,50690261"," 299,216637782",46000," 6,693524096"," 35780,47784105"," 2709,666441669",MIDDLE," 18137,217620482",53334,7968,218556808,84681212," 55626,573682871",1208536," 1,910369565"," 5513,402991852"," 4,9750251"," 10627,662148594"," 20965,885615251",Ekko,3929
" 38,238968264"," 2,861125723"," 9,608289108",123719199," 1303,531770094"," 4,877306154",91414," 2645,155199692"," 5,913769124"," 11,558224807"," 11,835020243"," 6,466090824"," 23,131072874"," 1728,157829471",38020," 1,474229132"," 15,690283401",88281705,3952," 11162,182956126"," 0,499683904"," 76,526315789",46772," 7,840182071"," 31305,465334008"," 1995,213504709",MIDDLE," 15642,837147553",62008,7909,189506966,80829398," 47891,57594137",302432," 1,954459933"," 4984,402051552"," 4,807181692"," 10219,926412947"," 20452,782894737",Elise,3957
" 40,756019262"," 2,984027154"," 10,747854077",36059684," 1282,972955815"," 4,835766887",20073," 2550,370181767"," 7,565008026"," 10,739967897"," 15,089647812"," 5,387438999"," 21,4226254"," 1429,336586746",10017," 1,274314373"," 16,811099253",21800662,937," 11664,345639379"," 0,501337614"," 81,294557097",14139," 8,428036383"," 38484,187833511"," 2289,213052311",MIDDLE," 19293,570893526",15752,1869,47465416,20209390," 50928,557939914",76173," 1,419690219"," 4738,486173505"," 5,359550562"," 10812,942750134"," 21568,185699039",Evelynn,932
" 188,327126356"," 2,782068726"," 9,395620835",334712294," 1517,961309239"," 25,777101738",136808," 3810,650462225"," 6,148827441"," 9,577038852"," 12,671090594"," 30,628136527"," 19,735718407"," 1803,628922082",69086," 1,310848361"," 15,055683785",173438374,6932," 12141,293244662"," 0,485264263"," 388,091892672",87836," 7,305985299"," 48285,097230237"," 3207,100914091",MIDDLE," 23431,032131607",104366,14285,246861627,158423550," 33572,912688698",2690253," 1,55753905"," 3573,25112179"," 4,836261813"," 11090,203010151"," 22853,945470283",Ezreal,7353
" 46,404947917"," 2,57293666"," 10,797927461",12191083," 1132,652369222"," 5,164324011",8303," 3188,878629349"," 4,977864583"," 10,811197917"," 10,007853403"," 9,322260005"," 21,735602094"," 2044,581218938",4168," 1,203158962"," 18,065445026",8573557,382," 11163,485677083"," 0,497395833"," 93,295811518",3823," 8,985677083"," 31913,829842932"," 1766,567598899",MIDDLE," 15873,805989583",6901,768,21082626,7816434," 54618,202072539",35639," 2,171854564"," 5058,211612284"," 5,427083333"," 10177,6484375"," 20461,869109948",Fiddlesticks,386
" 189,902481825"," 1,844039207"," 10,611998065",71607710," 2361,117443013"," 41,709117939",42623," 3212,981110064"," 5,587114565"," 10,685134119"," 11,595733611"," 33,989365998"," 22,176378772"," 1924,108897564",21935," 2,346823037"," 9,449531738",46395497,1922," 11630,85911256"," 0,481825019"," 394,131633715",22287," 4,553020807"," 37256,873048907"," 3942,721616562",MIDDLE," 17951,293557283",18162,3989,111973128,42882615," 54171,808417997",757521," 1,912460179"," 5104,769911101"," 5,498871898"," 10750,216846327"," 22311,45421436",Fiora,2067
" 152,271115119"," 2,344632464"," 11,43314849",60832724," 1930,555514078"," 27,016104949",34355," 2457,391395678"," 7,440637211"," 10,326119627"," 14,52758216"," 20,464794991"," 20,161384977"," 1462,402625732",18556," 1,832071246"," 11,004694836",38966695,1704," 11712,261797415"," 0,512173129"," 297,30399061",24755," 5,636308987"," 35699,955399061"," 3244,065912969",MIDDLE," 18284,557859934",18752,3327,72079518,36201777," 44411,286506469",506606," 1,387800444"," 3884,431881871"," 5,577397054"," 10881,207394049"," 21245,174295775",Fizz,1623
" 150,912133891"," 2,822714681"," 8,267175573",3667232," 1026,160596753"," 15,826239579",3147," 4713,665809769"," 3,255230126"," 13,167364017"," 7,203703704"," 46,359897172"," 29,138888889"," 3005,938303342",1083," 1,380868802"," 21,101851852",2553641,108," 10684,690376569"," 0,451882845"," 333,962962963",778," 9,535564854"," 33955,851851852"," 1609,140851251",MIDDLE," 15344,066945607",2279,239,5913895,2338620," 45144,236641221",36068," 4,044987147"," 5460,660203139"," 4,531380753"," 9785,020920502"," 21653,888888889",Galio,131
" 212,346107579"," 2,697351387"," 10,314326958",134063325," 1661,351705857"," 28,23614634",64429," 4022,060632425"," 5,728131981"," 11,07217735"," 10,935695538"," 37,07074283"," 21,13812336"," 2181,159606384",28581," 1,472292681"," 14,357283465",78859516,3048," 13552,073552157"," 0,52380134"," 405,394356955",33332," 7,520364324"," 43984,030511811"," 3063,534311373",TOP," 23038,894139887",43761,5819,133779661,72702412," 48278,477444966",1235642," 1,932947318"," 4680,720093769"," 4,911668672"," 12493,970097955"," 23852,497375328",Gangplank,2771
" 179,953846154"," 2,122438525"," 9,809045226",6812905," 2095,357575758"," 35,445454545",3904," 3149,748035136"," 5,546153846"," 10,01025641"," 11,32460733"," 32,446601942"," 20,439790576"," 1918,080443828",1952," 1,971717172"," 10,366492147",4523128,191," 11597,764102564"," 0,48974359"," 367,445026178",2163," 5,076923077"," 35669,659685864"," 3440,861111111",TOP," 17468,987179487",1980,390,11681711,4148808," 58702,065326633",70182," 1,804900601"," 5984,483094262"," 5,005128205"," 10637,969230769"," 21721,507853403",Garen,199
" 181,754513687"," 2,047076818"," 9,454740225",60972006," 1653,222499177"," 29,353571932",37475," 4099,785233997"," 4,330809552"," 10,912929528"," 9,49074665"," 41,967791824"," 23,915124442"," 2363,667966649",17652," 1,762451206"," 13,569240587",37966809,1567," 11056,147058824"," 0,456319161"," 398,305679643",14872," 6,191904485"," 38910,022973835"," 2867,516625123",TOP," 17755,38905067",21263,3434,88889690,35152470," 47610,974825924",624145," 2,519835933"," 5035,672445049"," 5,140361095"," 10236,595806639"," 22432,973835354",Gnar,1867
" 54,692254781"," 3,338339135"," 8,362905462",107614473," 1068,090351886"," 5,787965699",99445," 3361,481633036"," 4,404182143"," 13,680698858"," 8,742217368"," 12,418254514"," 27,155925724"," 2291,619978759",30165," 1,447799438"," 18,756690333",80012620,3662," 11007,376530472"," 0,503783189"," 108,563080284",32014," 9,449305269"," 29386,803113053"," 1566,737126385",MIDDLE," 14804,577383409",68687,7269,216146618,73363922," 59924,207929027",397558," 3,106297245"," 7165,477142384"," 4,14981428"," 10092,711789792"," 20033,839978154",Gragas,3607
" 90,705113506"," 2,632560637"," 9,691628959",179418201," 1762,492400946"," 14,062783298",91416," 3174,75671515"," 6,479477184"," 10,481082321"," 13,136680614"," 13,998832148"," 21,249651325"," 1754,477386134",42837," 1,624971115"," 13,076940958",107619795,4302," 12338,889589544"," 0,493235496"," 183,89818689",56514," 6,450011465"," 41705,764993026"," 3189,260020975",ADC," 20570,763700986",56257,8722,203728731,99152535," 46092,473076923",791130," 1,617581484"," 4755,905665663"," 4,911373538"," 11368,096193534"," 23048,009065551",Graves,4420
" 65,270437018"," 3,042430592"," 9,927197088",67155155," 1389,275854222"," 8,254559641",36399," 2458,005014458"," 7,023393316"," 9,357069409"," 13,889679715"," 9,293290875"," 18,50482969"," 1564,098532265",19090," 1,183360968"," 15,637519065",45973764,1967," 11818,448329049"," 0,505655527"," 129,080833757",27321," 7,907197943"," 34140,902389426"," 2183,268474268",JUNGLE," 17263,535989717",30759,3890,137976240,42732736," 71750,514820593",253902," 1,332271879"," 7227,671031954"," 4,907455013"," 10985,279177378"," 21724,827656329",Hecarim,1923
" 190,17794971"," 2,154300169"," 9,526104418",11074090," 1660,059128315"," 29,967083206",6313," 6054,723892838"," 3,537717602"," 12,210831721"," 6,824626866"," 53,757244396"," 23,555970149"," 2977,94095134",2372," 1,924108504"," 12,242537313",5932901,268," 11475,630560928"," 0,518375242"," 366,873134328",1829," 6,34622824"," 41321,231343284"," 3375,217921365",MIDDLE," 21419,903288201",3281,517,8900475,5446654," 35744,879518072",98322," 3,451612903"," 3752,308178752"," 4,588007737"," 10535,114119923"," 20323,335820896",Heimerdinger,249
" 207,487329435"," 1,466696805"," 11,601398601",24179894," 2343,521462313"," 43,721914151",10895," 4971,1953125"," 4,740740741"," 10,618908382"," 10,713656388"," 43,766858553"," 23,997797357"," 2345,930509868",6636," 2,237625796"," 10,724669604",12243818,454," 11933,545808967"," 0,442495127"," 468,9030837",4864," 4,745614035"," 53259,678414097"," 4966,090367632",TOP," 23567,148148148",4869,1026,31736966,11410606," 55484,206293706",212882," 2,239925987"," 4782,544605184"," 6,467836257"," 11121,44834308"," 25133,49339207",Illaoi,572
" 190,377467501"," 2,047964377"," 11,553160216",74322305," 2119,285269227"," 36,772435599",45334," 2774,773380623"," 6,448001926"," 10,913336543"," 12,676289636"," 29,525032668"," 21,454803597"," 1701,59973866",23580," 2,107969869"," 10,177946048",49153724,2113," 11832,865671642"," 0,508666346"," 374,267865594",26785," 5,177178623"," 35173,831045906"," 3455,886961778",TOP," 17891,74410207",21506,4154,115753374,45577349," 56714,04899559",790828," 1,692514467"," 4908,964122137"," 5,676456428"," 10971,918391911"," 21569,971131093",Irelia,2041
" 21,76"," 2,108108108"," 8,457142857",420108," 888,360824742"," 2,243298969",698," 3022,35971223"," 2,78"," 13,96"," 9,266666667"," 7,827338129"," 46,533333333"," 3099,676258993",296," 1,439175258"," 32,333333333",462131,15," 9242,62"," 0,3"," 72,533333333",139," 9,7"," 28007,2"," 866,202061856",JUNGLE," 8402,16",485,50,1051665,430855," 30047,571428571",1088," 5,021582734"," 3552,922297297"," 5,92"," 8617,1"," 28723,666666667",Ivern,35
" 14,061898746"," 3,809820428"," 7,985223725",42921192," 570,157989475"," 1,046113697",270517," 5469,758124124"," 0,762510932"," 26,286755417"," 1,43036821"," 18,441570027"," 49,31042654"," 10051,114438639",38369," 1,955563427"," 25,215457528",88708245,5486," 8619,98299485"," 0,533087164"," 26,378235509",7847," 13,442036731"," 7823,768137076"," 310,276667727",SUPPORT," 4170,750364396",138332,10291,145273983,78871095," 30233,919458897",144711," 34,473939085"," 3786,233235164"," 3,728403459"," 7664,084637062"," 14376,794567991",Janna,4805
" 103,378934625"," 2,671904463"," 10,774266366",12720955," 1063,74647542"," 10,468432022",8537," 2767,83181027"," 5,564164649"," 10,33535109"," 12,0"," 18,579416884"," 22,289817232"," 1887,941688425",4773," 1,046585755"," 21,297650131",9369405,383," 11343,105326877"," 0,463680387"," 222,953002611",4596," 9,875302663"," 33213,981723238"," 1559,513914429",TOP," 15400,671912833",8157,826,21533230,8676980," 48607,742663657",85391," 1,857484769"," 4511,466582862"," 5,778450363"," 10504,818401937"," 22655,300261097",Jarvan IV,443
" 164,561380516"," 1,721402214"," 11,552397869",36293044," 2569,411255411"," 38,825087611",23750," 2859,971946414"," 5,543905636"," 10,375709917"," 10,911435942"," 29,683293932"," 20,421324162"," 1964,415130024",13008," 2,447948877"," 8,342218401",26976117,1163," 11785,110091743"," 0,508082132"," 323,887360275",12690," 4,23853211"," 31206,400687876"," 3740,779633065",JUNGLE," 15855,414591525",9702,2289,57357056,24928428," 50938,770870337",376681," 1,871552403"," 4409,367773678"," 5,682830931"," 10890,532110092"," 21434,589853826",Jax,1126
" 185,299638989"," 2,387951647"," 10,957787482",62634197," 1733,372767352"," 29,011982817",30844," 3429,943431356"," 6,592418773"," 11,135018051"," 13,080945559"," 28,107989705"," 22,094555874"," 1679,362083128",15056," 1,743386842"," 12,673352436",33384615,1396," 12052,207581227"," 0,503971119"," 367,679083095",18261," 6,38700361"," 44866,903295129"," 3540,255313136",JUNGLE," 22611,623465704",17692,2770,53398587,30666831," 38863,600436681",513280," 1,689064126"," 3546,664917641"," 5,435379061"," 11071,058122744"," 21967,643982808",Jayce,1374
" 181,365930035"," 2,955096737"," 10,236098282",244478069," 1372,917000078"," 22,718253034",105130," 3281,276510932"," 6,666100027"," 9,405922877"," 12,926266482"," 27,207202008"," 18,23907009"," 1644,194652851",55408," 1,178204395"," 15,480395559",134542078,5764," 12037,405207122"," 0,515701888"," 351,687543373",74507," 7,983269214"," 42414,654580153"," 2739,894753948",ADC," 21873,317437595",89229,11177,172671997,122504011," 31899,500646592",2027127," 1,411008362"," 3116,373032775"," 4,957323074"," 10960,366019504"," 21253,298230396",Jhin,5413
" 200,078223081"," 2,367876541"," 11,046666667",42389148," 1690,14009387"," 29,46678993",18603," 3162,661195255"," 6,471752776"," 8,982617093"," 13,127326151"," 30,915615907"," 18,220372184"," 1773,241065433",11599," 1,322927037"," 13,772771792",26165437,1021," 12634,204249155"," 0,492998551"," 405,839373164",13403," 6,789956543"," 41517,285014691"," 3014,446593657",ADC," 20467,961371318",14062,2071,36553025,23766750," 34812,404761905",414362," 1,387972842"," 3151,394516769"," 5,600676002"," 11475,977788508"," 23277,91380999",Jynx,1050
" 187,235212248"," 2,465712231"," 11,467016492",53296029," 1739,309253961"," 29,605743838",27294," 2727,255603316"," 6,799582463"," 9,496868476"," 12,68961039"," 27,536280831"," 17,723376623"," 1617,730273258",15297," 1,501650528"," 11,802597403",35010266,1540," 12181,720946416"," 0,535838553"," 349,424675325",19542," 6,324286708"," 34607,811038961"," 2932,21990537",ADC," 18544,199373695",18176,2874,55445894,31613685," 41563,63868066",538114," 1,396684065"," 3624,625351376"," 5,322546973"," 10999,89039666"," 20528,366883117",Kalista,1334
" 71,495515995"," 2,935985813"," 9,178524547",91964084," 771,918496038"," 6,307558778",169944," 5119,924507293"," 2,404229688"," 22,747155669"," 4,904969962"," 29,737390046"," 46,407427635"," 3639,259213896",34961," 2,006825455"," 23,124795194",72412285,3662," 9692,448802035"," 0,49016196"," 145,861004915",17962," 11,334894927"," 25113,075914801"," 1085,980468335",MIDDLE," 12309,474501405",84683,7471,118229007,65368374," 31039,38225256",534143," 9,461307204"," 3381,739852979"," 4,679560969"," 8749,61504484"," 17850,457127253",Karma,3809
" 187,481751825"," 2,161726469"," 13,68683274",15892176," 1370,798812805"," 21,780792877",5659," 4418,175145955"," 6,563868613"," 10,326642336"," 13,471910112"," 28,562691131"," 21,194756554"," 1797,625243258",3846," 1,199703201"," 17,666666667",6975652,267," 12729,291970803"," 0,487226277"," 384,794007491",3597," 8,607664234"," 59521,258426966"," 3369,127835489",MIDDLE," 29000,321167883",4717,548,12510750,6466058," 44522,241992883",102740," 1,573255491"," 3252,925117005"," 7,018248175"," 11799,375912409"," 24217,445692884",Karthus,281
" 168,818882466"," 2,657946628"," 9,777634961",31907299," 1750,739636752"," 28,082371795",15716," 2938,327562391"," 6,97430957"," 10,093770071"," 13,939666239"," 24,205820057"," 20,174582798"," 1509,063725942",7607," 1,679059829"," 12,015404365",17773737,779," 11415,373795761"," 0,50032113"," 337,421052632",10859," 6,011560694"," 40959,305519897"," 3408,899465812",MIDDLE," 20492,806037251",9360,1557,35508596,16386923," 45640,868894602",262851," 1,447278755"," 4667,884317076"," 4,885677585"," 10524,6775851"," 21035,844672657",Kassadin,778
" 166,877114871"," 2,706127687"," 8,982708934",56557136," 1345,522743177"," 21,857126195",36359," 3437,496869872"," 4,883644999"," 10,792223212"," 10,069155447"," 34,170607184"," 22,251529988"," 2103,539536863",15585," 1,41353705"," 15,741738066",37537625,1634," 11142,067379044"," 0,485010389"," 344,069155447",16453," 7,6349065"," 34612,690330477"," 2198,784542415",MIDDLE," 16787,514395963",25722,3369,70233580,34609536," 40480,449567723",562209," 2,20987054"," 4506,485723452"," 4,626001781"," 10272,940338379"," 21180,866585067",Katarina,1735
" 190,79916318"," 1,897515528"," 11,237063779",29055332," 1906,240425754"," 33,309715121",19279," 3571,205998033"," 4,863120143"," 11,523610281"," 9,662707838"," 39,233898722"," 22,896674584"," 2245,268190757",9338," 2,011791714"," 11,381235154",20014236,842," 11963,081888822"," 0,503287507"," 379,105700713",8136," 5,728033473"," 34507,520190024"," 3031,966190128",MIDDLE," 17367,203825463",9583,1673,38026638,18267502," 45760,093862816",319207," 2,369591937"," 4072,246519597"," 5,581589958"," 10919,008965929"," 21695,370546318",Kayle,831
" 173,725820017"," 2,331608346"," 10,735449735",47038555," 1568,602450949"," 26,231506762",28157," 3722,582700222"," 5,313708999"," 11,840622372"," 10,15755627"," 32,693890472"," 22,634244373"," 1955,042735043",12174," 1,787859547"," 12,659967846",26935318,1244," 11326,878889823"," 0,52312868"," 332,090032154",12636," 6,622792262"," 37812,343247588"," 2986,76455648",MIDDLE," 19780,721194281",15749,2378,44256076,24703920," 39026,522045855",413120," 2,228315923"," 3635,294562182"," 5,119428091"," 10388,528174937"," 19858,45659164",Kennen,1134
" 50,65148655"," 2,643529089"," 10,105214582",78198542," 1969,552708212"," 8,930069057",40985," 2310,148951256"," 7,987258141"," 9,6708353"," 16,344760985"," 6,341536189"," 19,789956543"," 1398,644254062",21898," 1,705008736"," 11,606953163",51446770,2071," 12139,398301085"," 0,488673903"," 103,650893288",33850," 5,672015101"," 37758,832448093"," 3253,121807139",JUNGLE," 18451,756016989",24038,4238,117012370,47344108," 53997,401938163",214661," 1,210782866"," 5343,518586172"," 5,167059934"," 11171,332704106"," 22860,506035732",Kha'Zix,2167
" 50,405230679"," 2,480159586"," 11,207250755",64156502," 1527,111893092"," 7,185664614",36594," 2898,942749989"," 6,503379371"," 10,753452836"," 12,660755149"," 7,7506213"," 20,934782609"," 1647,177624147",18548," 1,53298982"," 13,65617849",39670711,1748," 11657,570085219"," 0,513664414"," 98,128718535",22131," 7,014692918"," 36702,804347826"," 2687,633614009",JUNGLE," 18852,924478401",23871,3403,87545997,36453688," 52897,883383686",171529," 1,65351769"," 4719,969646323"," 5,450484866"," 10712,220981487"," 20854,512585812",Kindred,1655
" 162,876208897"," 2,509938562"," 10,683397683",9223602," 1461,459197414"," 22,678965796",5151," 2853,837252475"," 6,251450677"," 9,963249516"," 12,527131783"," 26,05414604"," 19,965116279"," 1678,959777228",2767," 1,387287907"," 14,391472868",5873989,258," 11361,680851064"," 0,499032882"," 326,38372093",3232," 7,181818182"," 35750,395348837"," 2484,137355238",TOP," 17840,622823985",3713,517,15995049,5426398," 61756,945945946",84207," 1,59375"," 5780,646548609"," 5,352030948"," 10495,934235977"," 21032,550387597",Kled,259
" 186,944942382"," 2,320598188"," 12,830532213",37357685," 1846,352502018"," 29,460048426",14929," 3292,296201639"," 7,264404609"," 9,557618438"," 13,380896226"," 25,734379131"," 17,60495283"," 1612,85326518",9161," 1,506154157"," 11,688679245",20049919,848," 12836,055697823"," 0,542893726"," 344,349056604",11347," 6,345710627"," 44053,873820755"," 3768,935129136",ADC," 23916,571702945",9912,1562,28342798,18301046," 39695,795518207",292008," 1,315678153"," 3093,854164393"," 5,864916773"," 11716,418693982"," 21581,422169811",Kog'Maw,714
" 165,598771357"," 2,791894258"," 8,97903407",103329466," 1888,33193435"," 29,433377691",55498," 2744,401636079"," 7,228066807"," 10,654252256"," 14,834909377"," 22,910520305"," 21,866824271"," 1469,850575018",23983," 1,893677278"," 11,547281324",60257578,2538," 11567,974275293"," 0,487233634"," 339,875492514",37651," 5,626223843"," 40712,949566588"," 3525,760603269",MIDDLE," 19836,718372048",29307,5209,90012712,55341344," 33700,004492699",862604," 1,474011314"," 3753,188174957"," 4,604146669"," 10624,178153196"," 21805,100078802",LeBlanc,2671
" 39,770221473"," 2,770840576"," 9,648703041",116872951," 1224,736039003"," 4,75185883",168144," 2336,24417303"," 6,021425132"," 20,23880597"," 13,041188738"," 6,604785512"," 43,833159541"," 1702,306220765",43149," 2,418189924"," 18,126433785",92576183,3836," 11143,016730862"," 0,46172364"," 86,134254432",50026," 8,369402985"," 30467,401199166"," 1680,827103677",JUNGLE," 14067,519378912",69533,8308,236993525,85159571," 52994,974284436",330411," 3,361132211"," 5492,44536374"," 5,193668753"," 10250,309460761"," 22200,096715328",Lee Sin,4472
" 45,844919786"," 2,577102561"," 11,384887839",12626025," 653,371383822"," 3,554311774",41234," 4017,188991409"," 1,867498515"," 24,500297089"," 3,759569378"," 24,548838689"," 49,322966507"," 4512,690423163",9643," 1,899484061"," 25,966507177",15690983,836," 9323,222222222"," 0,496732026"," 92,293062201",3143," 12,898395722"," 15102,900717703"," 581,630044223",SUPPORT," 7502,094474153",21708,1683,40842836,14183386," 48220,585596222",77157," 13,119312759"," 4235,490614954"," 5,729649436"," 8427,442661913"," 16965,772727273",Leona,847
" 194,653049959"," 2,344301637"," 10,059549356",64289697," 1417,981854466"," 26,06260394",39960," 3804,34919226"," 4,664366547"," 11,029533536"," 9,607163161"," 41,731936801"," 22,717453098"," 2270,499497012",18751," 1,476772978"," 15,383172257",41607998,1759," 11484,404637041"," 0,485509246"," 400,925525867",16899," 7,468672371"," 36549,003411029"," 2375,90808973",MIDDLE," 17744,879105713",27059,3623,72246102,38369171," 38758,638412017",705228," 2,364636961"," 3852,919950936"," 5,175545128"," 10590,441898979"," 21813,059124503",Lissandra,1864
" 201,75032538"," 2,45938532"," 10,100277067",377499425," 1870,40825115"," 32,964512613",179133," 3139,392786454"," 6,520932755"," 9,714370933"," 13,278047703"," 30,938875306"," 19,780587456"," 1755,473479367",94781," 1,58725644"," 12,462124558",230318919,9056," 12490,179989154"," 0,491106291"," 410,807862191",120246," 6,120227766"," 41685,007177562"," 3344,93584802",ADC," 20471,769251627",112857,18440,349785387,211088664," 37274,657608696",3720276," 1,489721072"," 3690,458921092"," 5,139967462"," 11447,324511931"," 23309,260600707",Lucian,9384
" 121,889851831"," 2,83608712"," 8,48089172",42643533," 937,955058737"," 12,401513212",53521," 4198,024512699"," 2,839809897"," 14,96253844"," 6,0"," 42,921835007"," 31,613112817"," 3246,277416814",15978," 1,522342634"," 20,766095688",36392991,1693," 10174,165781381"," 0,473301649"," 257,531010041",10158," 9,828627341"," 25188,147076196"," 1212,945729158",TOP," 11921,591557171",35157,3577,59616531,32975686," 31643,593949045",436000," 5,268852136"," 3731,163537364"," 4,46687168"," 9218,810735253"," 19477,664500886",Lulu,1884
" 167,154293381"," 3,059700058"," 9,076788831",45713150," 1234,667969564"," 19,478684595",27219," 3616,832819052"," 5,652504472"," 12,173076923"," 11,595412844"," 29,571722446"," 24,971559633"," 1874,421156737",10402," 1,418542839"," 17,603669725",26200117,1090," 11717,404740608"," 0,487477639"," 342,896330275",12639," 8,581395349"," 41938,669724771"," 2382,382218053",MIDDLE," 20444,163685152",19188,2236,30134075,23690809," 26295,004363002",373757," 2,153572276"," 2896,950105749"," 4,652057245"," 10595,173971377"," 21734,687155963",Lux,1146
" 171,706565252"," 2,456866476"," 10,220421394",52107748," 1426,903727381"," 23,237783075",29980," 4159,303001277"," 5,01521217"," 12,001601281"," 9,911392405"," 34,237148787"," 23,71835443"," 2102,313936782",12612," 1,624227977"," 14,602848101",28904742,1264," 11571,153722978"," 0,506004804"," 339,337816456",12528," 7,389111289"," 41224,484177215"," 2823,044100119",MIDDLE," 20859,787029624",18458,2498,39760334,26337789," 32220,692058347",428923," 2,393039591"," 3152,579606724"," 5,048839071"," 10543,550440352"," 20836,858386076",Malzahar,1234
" 167,132177681"," 2,497969838"," 9,965317919",44598888," 1143,340353177"," 18,961322571",30782," 4439,909208561"," 3,627663416"," 11,11664861"," 7,252707581"," 46,071577899"," 22,225270758"," 2778,049576904",13792," 1,261195559"," 17,622382671",30154343,1385," 10889,975803539"," 0,500180571"," 334,14368231",10045," 8,81437342"," 32201,363176895"," 1827,29905355",TOP," 16106,496208017",24407,2769,85385054,27905508," 61694,403179191",462789," 3,064410154"," 6190,911687935"," 4,980859516"," 10077,828819068"," 20148,381227437",Maokai,1384
" 72,261884183"," 1,922267434"," 11,918060201",19210730," 2710,706230848"," 17,080081716",11187," 2181,797842135"," 7,61019879"," 9,668971478"," 15,751341682"," 9,495400341"," 20,012522361"," 1506,974105622",7127," 2,285393258"," 8,756708408",14353767,559," 12406,021607606"," 0,483146067"," 149,56529517",8805," 4,230769231"," 34366,243291592"," 3924,561797753",JUNGLE," 16603,915298185",4895,1157,31482125,13268907," 52645,693979933",83607," 1,270528109"," 4417,303914691"," 6,159896283"," 11468,372515125"," 23736,864042934",Master Yi,598
" 190,279874214"," 2,55269027"," 11,741407529",29643238," 1492,610810811"," 24,684956655",13205," 3484,160554772"," 6,688679245"," 10,381289308"," 12,871406959"," 28,448048895"," 19,97730711"," 1720,151504466",7174," 1,346761856"," 14,833585477",15958460,661," 12545,959119497"," 0,519654088"," 366,166414523",8508," 7,708333333"," 44846,048411498"," 3023,277715451",ADC," 23304,432389937",9805,1272,23240782,14635049," 38037,286415712",242036," 1,552068641"," 3239,58488988"," 5,639937107"," 11505,541666667"," 22140,770045386",Miss Fortune,611
" 155,556053812"," 2,042288557"," 10,914027149",8517767," 1834,667839"," 27,11137163",4271," 3598,549640896"," 5,307174888"," 9,576233184"," 10,52"," 29,310519645"," 18,982222222"," 1983,487536967",2412," 1,669011333"," 11,373333333",5177560,225," 11608,878923767"," 0,504484305"," 308,346666667",2367," 5,737668161"," 37856,742222222"," 3328,552950371",MIDDLE," 19098,132286996",2559,446,7598158,4694915," 34380,805429864",69378," 1,804393747"," 3150,148424544"," 5,408071749"," 10526,715246637"," 20866,288888889",Mordekaiser,221
" 58,220973017"," 2,915354252"," 10,411374014",62081914," 726,617131861"," 4,68456718",111129," 5038,707410113"," 2,518601799"," 22,716475879"," 4,962142569"," 23,116386657"," 44,755940395"," 3585,552714877",25081," 1,827809668"," 24,486105518",49001375,2483," 10016,634300899"," 0,507563369"," 114,706806283",12321," 12,428250204"," 25002,784534837"," 1021,100906265",MIDDLE," 12690,497547016",60799,4892,86511444,44177595," 35911,765877958",284817," 9,019478938"," 3449,282086041"," 5,126941946"," 9030,57951758"," 17792,023761579",Morgana,2409
" 13,684585987"," 3,483051337"," 8,88963039",29244288," 572,907032377"," 0,980844031",104994," 5264,498289829"," 1,415286624"," 26,750063694"," 2,809812848"," 9,669126913"," 53,107738998"," 5647,697929793",17317," 1,917313416"," 27,699038948",35181103,1977," 8963,338343949"," 0,503694268"," 27,168437026",5555," 13,951847134"," 14792,254931715"," 534,034951882",SUPPORT," 7450,774012739",54761,3925,61578238,31372962," 31611,00513347",53712," 18,900810081"," 3555,941444823"," 4,411974522"," 7993,11133758"," 15868,974203338",Nami,1948
" 192,688333333"," 1,900414938"," 9,883280757",10367279," 1877,891443539"," 33,647555297",5446," 4117,267275616"," 4,196666667"," 9,076666667"," 8,897526502"," 45,914614774"," 19,243816254"," 2562,523828435",3133," 1,584982538"," 12,141342756",7060715,283," 11767,858333333"," 0,471666667"," 408,526501767",2518," 5,726666667"," 36633,494699647"," 3017,252328289",TOP," 17278,798333333",3436,600,19844706,6452435," 62601,596214511",115613," 2,162827641"," 6334,090647941"," 5,221666667"," 10754,058333333"," 22800,123674912",Nasus,317
" 127,873509216"," 2,569445465"," 10,107646622",36210289," 960,215130112"," 13,1533829",42357," 4479,808115799"," 2,921214312"," 15,307914709"," 5,692253521"," 43,774093777"," 29,828873239"," 3195,569343066",13615," 1,574609665"," 18,943661972",28266136,1420," 10215,444886158"," 0,513191182"," 249,173239437",8083," 9,721720275"," 25500,203521127"," 1346,10739777",SUPPORT," 13086,479580773",26900,2767,62255125,25829787," 46217,613214551",353826," 5,24025733"," 4572,539478516"," 4,920491507"," 9334,942898446"," 18189,99084507",Nautilus,1347
" 45,284045922"," 3,270174033"," 10,27297668",88239676," 1448,832128659"," 5,90569983",60376," 2540,514093225"," 6,875098971"," 11,95091053"," 12,123211169"," 6,586675496"," 21,073647469"," 1615,894365589",22467," 1,558572977"," 13,521116928",62064151,2865," 12285,065518606"," 0,567102138"," 79,851657941",34733," 7,667854315"," 30799,188830716"," 2277,858330322",MIDDLE," 17466,285827395",38738,5052,145131128,56124859," 66360,826703246",228775," 1,738289235"," 6459,746650643"," 4,447149644"," 11109,433689628"," 19589,828621291",Nidalee,2187
" 61,006864989"," 2,609919861"," 9,865384615",14154262," 1660,464512889"," 8,925343154",8915," 2329,536208032"," 6,95194508"," 10,200228833"," 14,965517241"," 8,775510204"," 21,958128079"," 1632,589697169",4617," 1,492299967"," 14,714285714",10697133,406," 12239,282608696"," 0,464530892"," 131,330049261",6076," 6,835240275"," 34862,714285714"," 2369,310679612",JUNGLE," 16194,80778032",5974,874,25749726,9919615," 55020,782051282",53320," 1,46724819"," 5577,155295647"," 5,282608696"," 11349,673913043"," 24432,549261084",Nocturne,468
" 46,829299363"," 3,099576271"," 8,198511166",8684102," 976,697091144"," 4,752553329",12009," 3465,324022346"," 3,192356688"," 15,298089172"," 6,560209424"," 14,669193935"," 31,437172775"," 3014,665602554",3304," 1,552553329"," 20,248691099",8224518,382," 10477,092993631"," 0,486624204"," 96,232984293",2506," 9,853503185"," 22733,251308901"," 1122,702262443",TOP," 11062,550318471",7735,785,28243736,7554752," 70083,712158809",36761," 4,792098962"," 8548,346246973"," 4,208917197"," 9623,887898089"," 19776,837696335",Nunu,403
" 108,467221644"," 2,645098852"," 10,004149378",51543718," 1524,833822092"," 15,284017595",28634," 2895,063918221"," 6,17551162"," 9,932015262"," 12,389700765"," 17,564086722"," 19,926235212"," 1752,308470007",14466," 1,399511241"," 14,237995825",33682852,1437," 11683,264654873"," 0,498439126"," 217,613778706",17804," 7,096774194"," 35868,975643702"," 2519,243304008",TOP," 17878,500867152",20460,2883,92678506,31198100," 64093,019363762",312711," 1,608290272"," 6406,643578045"," 5,017689906"," 10821,401318071"," 21710,577592206",Olaf,1446
" 191,268509378"," 2,669095325"," 8,975476839",38913370," 1379,872598136"," 24,5741645",21668," 3668,649948147"," 5,235439289"," 10,694965449"," 11,467027027"," 36,533421326"," 23,424864865"," 2051,401055906",9882," 1,374088401"," 17,047567568",23851005,925," 11772,460513327"," 0,456564659"," 418,92972973",10607," 7,783316881"," 42068,508108108"," 2467,713234828",MIDDLE," 19206,994076999",15769,2026,32529683,21759211," 29545,579473206",387510," 2,042801923"," 3291,811677798"," 4,877591313"," 10739,985686081"," 23523,471351351",Orianna,1101
" 137,274656679"," 2,219810178"," 13,438263229",30761737," 1654,493878741"," 21,36746988",16926," 2630,782262892"," 7,299001248"," 10,565543071"," 13,517919075"," 18,807320619"," 19,567630058"," 1456,26024117",9904," 1,644578313"," 11,898265896",18365663,865," 11464,209113608"," 0,539950062"," 254,23583815",11693," 6,424469413"," 35562,701734104"," 2988,89788185",TOP," 19202,083021223",10292,1602,33485161,17028051," 45434,411126187",219914," 1,447532712"," 3380,973445073"," 6,18227216"," 10629,245318352"," 19685,608092486",Pantheon,737
" 135,592150706"," 2,518968233"," 9,546365915",50674281," 1279,742000892"," 17,513321708",42991," 3693,460714286"," 4,307692308"," 13,497959184"," 8,634361233"," 31,476749271"," 27,055380743"," 2300,084402332",15236," 1,743420252"," 15,518565135",34324184,1589," 10776,823861852"," 0,498901099"," 271,781623663",13720," 7,742229199"," 31890,674008811"," 2055,001459913",TOP," 15910,292307692",24659,3185,79655901,31557158," 49909,712406015",431861," 3,13345481"," 5228,137372014"," 4,783673469"," 9908,05588697"," 19859,759597231",Poppy,1596
" 161,734933036"," 2,223710085"," 12,446386946",36907673," 1737,121704394"," 25,728273413",19280," 2956,871735299"," 6,965401786"," 10,758928571"," 13,364025696"," 23,219756449"," 20,642398287"," 1567,751642365",10679," 1,711495783"," 12,061027837",21129914,934," 11791,246651786"," 0,521205357"," 310,309421842",12482," 6,286272321"," 39515,709850107"," 3276,313626276",ADC," 20595,799665179",11265,1792,35810880,19568676," 41737,622377622",289829," 1,544624259"," 3353,39263976"," 5,959263393"," 10920,020089286"," 20951,473233405",Quinn,858
" 108,15913371"," 2,821671827"," 9,537401575",16425333," 1081,445326817"," 11,694665038",13130," 4267,428682775"," 3,624293785"," 12,36346516"," 6,94765343"," 29,842816316"," 23,700361011"," 2759,666406859",4845," 1,33679495"," 17,729241877",11522625,554," 10849,929378531"," 0,52165725"," 207,337545126",3849," 9,248587571"," 29648,615523466"," 1672,300244349",TOP," 15466,415254237",9822,1062,30721504,10621956," 60475,401574803",114865," 3,411275656"," 6340,867698658"," 4,562146893"," 10001,84180791"," 19173,205776173",Rammus,508
" 47,332202009"," 3,774422166"," 8,369299553",105197755," 1144,915807761"," 5,089915034",79817," 2806,470894248"," 5,088786316"," 10,835867499"," 9,345300424"," 9,301275211"," 19,899526303"," 2092,21115676",28079," 1,165245701"," 17,077536774",85285156,4011," 11578,218300299"," 0,544528917"," 86,923211169",37484," 9,299212598"," 26227,313637497"," 1535,778489883",TOP," 14281,53068151",68498,7366,261952632,78424443," 78078,280774963",348649," 2,129361861"," 9329,12966986"," 3,811973934"," 10646,815503665"," 19552,341810022",Rek'Sai,3355
" 197,625602202"," 1,926035139"," 10,837549933",25126543," 2013,762662989"," 36,001755266",15395," 3263,187402597"," 5,299380592"," 10,595320028"," 10,968660969"," 37,292207792"," 21,93019943"," 2085,944285714",8139," 1,930165496"," 11,361823362",17404530,702," 11978,341362698"," 0,483138334"," 409,045584046",7700," 5,489332416"," 35792,796296296"," 3150,268681043",TOP," 17292,871988988",7976,1453,44998668,16061771," 59918,332889481",287150," 1,999350649"," 5528,771102101"," 5,601514109"," 11054,212663455"," 22880,015669516",Renekton,751
" 70,521613833"," 2,379680227"," 11,140924464",30204278," 1949,416044042"," 12,028607943",15836," 2263,510041966"," 7,691066282"," 9,127377522"," 15,735849057"," 9,169289568"," 18,674528302"," 1486,020683453",9882," 1,55682265"," 11,995283019",21309379,848," 12282,062824207"," 0,488760807"," 144,286556604",13344," 5,862824207"," 35618,252358491"," 2969,354895792",JUNGLE," 17408,805763689",10172,1735,45451094,19829460," 51241,368658399",122355," 1,1867506"," 4599,382108885"," 5,695677233"," 11429,083573487"," 23383,797169811",Rengar,887
" 185,668408675"," 2,004932012"," 11,595403528",64180811," 2321,056613986"," 38,45816194",40100," 2565,077774669"," 6,538019336"," 10,478181343"," 12,79192229"," 28,398265457"," 20,501022495"," 1713,913992247",21695," 2,1703832"," 9,445807771",46576332,1956," 12170,45518683"," 0,511105304"," 363,268404908",25021," 4,827802456"," 32812,275562372"," 3473,739499892",MIDDLE," 16770,528089888",18476,3827,81904857,42883842," 43775,979155532",710553," 1,602653771"," 3775,287255128"," 5,668931278"," 11205,602822054"," 21924,254601227",Riven,1871
" 159,841050757"," 2,366469554"," 11,074336283",49135352," 1444,756643774"," 21,439414751",27173," 3818,117336234"," 5,729741763"," 12,09839715"," 11,531362007"," 27,896728573"," 24,348566308"," 1879,901313233",12514," 1,622753061"," 15,004480287",26223606,1116," 11675,692787177"," 0,496883348"," 321,687275986",12869," 7,455476402"," 44028,093189964"," 2934,329770081",TOP," 21876,82635797",16745,2246,49366300,24192450," 43686,991150442",359003," 2,111508276"," 3944,885727985"," 5,571682992"," 10771,349065004"," 21677,822580645",Rumble,1130
" 183,098451327"," 2,158036849"," 10,025477707",71700130," 1821,583993091"," 31,76834125",39821," 3599,404116466"," 5,508849558"," 11,01244469"," 11,501154734"," 33,237148594"," 22,991339492"," 1905,804819277",18888," 1,910704861"," 12,032909931",41591180,1732," 11501,985619469"," 0,478982301"," 382,265588915",19920," 5,763550885"," 41397,30369515"," 3440,340194808",MIDDLE," 19828,575774336",20841,3616,75651697,37963632," 40154,828556263",662084," 1,999046185"," 4005,278324862"," 5,223451327"," 10498,792035398"," 21918,956120092",Ryze,1884
" 56,207267833"," 3,636035445"," 8,831884058",10985935," 1012,191102515"," 5,385170858",9234," 3305,034596871"," 4,473755047"," 12,427994616"," 8,351758794"," 12,56377858"," 23,201005025"," 2361,474729242",3047," 1,190715667"," 19,484924623",8555328,398," 11514,573351279"," 0,535666218"," 104,929648241",3324," 10,437415882"," 27602,851758794"," 1416,626047711",JUNGLE," 14785,915208614",7755,743,25495563,7849542," 73900,182608696",41762," 2,777978339"," 8367,431243846"," 4,100942127"," 10564,65948856"," 19722,467336683",Sejuani,345
" 59,221408966"," 2,562234564"," 11,295202952",20290193," 1651,255376344"," 8,700134409",9605," 2460,610356537"," 7,544373285"," 8,787740165"," 14,965517241"," 7,849745331"," 17,431941924"," 1489,854474897",6122," 1,290994624"," 13,502722323",13276048,551," 12146,430009149"," 0,504117109"," 117,475499093",8246," 6,806953339"," 36824,306715064"," 2727,176478495",JUNGLE," 18563,763037511",7440,1093,26276647,12285340," 48480,898523985",64729," 1,164807179"," 4292,167102254"," 5,601097896"," 11240,018298262"," 22296,442831216",Shaco,542
" 161,698905754"," 3,112506321"," 8,206085754",35574236," 1003,023715415"," 16,61141531",31327," 3802,291150064"," 3,302506177"," 11,057889163"," 6,745493872"," 48,962483968"," 22,586157174"," 2956,432770415",11866," 1,135982884"," 19,882480173",30223656,1387," 10668,427815037"," 0,48958701"," 330,276135544",9356," 9,734204024"," 25648,331651045"," 1289,996591362",JUNGLE," 12557,090010589",27577,2833,69492743,27660385," 48058,605117566",458093," 3,348332621"," 5856,459042643"," 4,188492764"," 9763,637486763"," 19942,599134823",Shen,1446
" 76,533640553"," 2,675636514"," 8,799635701",17983785," 1878,665219994"," 12,427267285",10763," 2880,170563741"," 5,75483871"," 9,919815668"," 11,649253731"," 13,299007047"," 20,080223881"," 2010,448590647",4831," 1,610745286"," 12,46641791",13696408,536," 12623,417511521"," 0,494009217"," 154,923507463",6244," 6,158525346"," 33551,837686567"," 2691,377581562",JUNGLE," 16574,917050691",6682,1085,33742450,12553241," 61461,657559199",83039," 1,723734785"," 6984,568412337"," 4,452534562"," 11569,807373272"," 23420,225746269",Shyvana,549
" 218,527334852"," 2,178064516"," 11,683417085",16394786," 1392,263172805"," 27,176628895",10167," 5343,802477184"," 3,494305239"," 11,579726651"," 6,391666667"," 62,538135593"," 21,18125"," 3203,838983051",4650," 1,440084986"," 14,708333333",10475348,480," 11930,920273349"," 0,546697039"," 399,722916667",3068," 8,041002278"," 34155,804166667"," 2322,207648725",JUNGLE," 18672,876993166",7060,878,28765945,9829378," 72276,243718593",191867," 3,313885267"," 6186,224731183"," 5,296127563"," 11195,191343964"," 20477,870833333",Singed,398
" 163,497104247"," 2,294409301"," 11,291505792",17513692," 1181,378984392"," 18,617608266",12482," 4052,219342897"," 4,171814672"," 12,048262548"," 8,343629344"," 39,19088385"," 24,096525097"," 2486,8546969",5849," 1,371949879"," 17,563706564",11661176,518," 11255,961389961"," 0,5"," 326,994208494",4322," 8,781853282"," 33810,216216216"," 1925,004616399",JUNGLE," 16905,108108108",9098,1036,31447491,10748186," 60709,442084942",169383," 2,888014808"," 5376,558557018"," 5,645752896"," 10374,696911197"," 20749,393822394",Sion,518
" 221,382937212"," 2,553131971"," 9,996814159",112511822," 1485,687940834"," 28,490880869",56613," 3976,525835866"," 5,018446258"," 10,041326712"," 10,058300747"," 44,11384039"," 20,125488802"," 2300,364140807",28241," 1,292268712"," 15,573764664",71280328,2813," 12642,839304718"," 0,498935793"," 443,710273729",28294," 7,77030862"," 39997,092783505"," 2568,23533977",ADC," 19955,981199007",43809,5638,96546014,65086503," 34175,580176991",1248157," 2,00088358"," 3418,647144223"," 5,009045761"," 11544,253813409"," 23137,754354781",Sivir,2825
" 45,495454545"," 2,928077455"," 8,658682635",7445863," 1148,419755245"," 5,249475524",6382," 2709,55713246"," 4,163636364"," 9,66969697"," 8,429447853"," 10,926855895"," 19,576687117"," 2390,451601164",2892," 1,115734266"," 17,54601227",7213107,326," 10928,95"," 0,493939394"," 92,107361963",2748," 8,666666667"," 22840,070552147"," 1301,724300699",JUNGLE," 11281,610606061",5720,660,17324427,6568961," 51869,541916168",30027," 2,322416303"," 5990,465767635"," 4,381818182"," 9952,971212121"," 20150,187116564",Skarner,334
" 28,275467775"," 2,955975475"," 11,079064588",21478474," 660,243348633"," 2,209756692",46354," 4484,023799582"," 2,48960499"," 24,092515593"," 4,668615984"," 11,357411273"," 45,179337232"," 3393,430271399",9949," 1,882854706"," 23,995126706",18202597,1026," 9460,809251559"," 0,533264033"," 53,023391813",4790," 12,795738046"," 20934,185185185"," 872,434867379",SUPPORT," 11163,448024948",24619,1924,32408342,16254531," 36089,467706013",54402," 9,677244259"," 3257,447180621"," 5,170997921"," 8448,300935551"," 15842,622807018",Sona,898
" 14,873482273"," 3,007403189"," 9,840040754",18848338," 567,525595732"," 1,104023216",100494," 7213,294297742"," 0,634531326"," 24,403593978"," 1,212529002"," 23,440107157"," 46,632946636"," 12049,439341753",19316," 1,811420743"," 25,743851508",35145024,2155," 8534,488586693"," 0,523312288"," 28,421809745",2613," 13,472073822"," 8746,328538283"," 339,744367137",SUPPORT," 4577,061194755",55478,4118,52467269,31485185," 26728,104431992",61249," 38,45924225"," 2716,259525782"," 4,690626518"," 7645,74672171"," 14610,294663573",Soraka,1963
" 183,05"," 2,232040355"," 10,302867384",24260738," 1469,029549186"," 25,889127415",12355," 4938,070018319"," 4,386607143"," 11,03125"," 8,741992883"," 41,72928964"," 21,983985765"," 2367,84958274",5749," 1,560171739"," 14,090747331",12655550,562," 11299,598214286"," 0,501785714"," 364,797153025",4913," 7,070535714"," 43168,572953737"," 3063,61131456",MIDDLE," 21661,373214286",7919,1120,33843530,11633245," 60651,487455197",205016," 2,514756768"," 5886,855105236"," 5,133035714"," 10386,825892857"," 20699,724199288",Swain,558
" 198,572402597"," 2,253696177"," 11,265428003",66399110," 1859,284662444"," 33,111526176",34854," 3355,18494189"," 6,425324675"," 11,316233766"," 12,581055308"," 30,904648813"," 22,157660521"," 1735,363668519",16977," 1,886957934"," 11,742530197",37589493,1573," 12204,380844156"," 0,510714286"," 388,813095995",19790," 5,997077922"," 42211,767323586"," 3594,776135564",MIDDLE," 21558,152597403",18471,3080,51309211,34342847," 34047,253483743",611603," 1,761192521"," 3022,277846498"," 5,512012987"," 11150,275"," 21832,706293706",Syndra,1507
" 74,891295786"," 2,36260022"," 9,479880775",24963288," 894,758130167"," 7,979060887",57248," 4009,522646964"," 2,452146514"," 22,54745963"," 5,201336675"," 30,541117893"," 47,826232247"," 3424,828300675",12722," 2,402249171"," 19,908939014",23466418,1197," 9242,385978732"," 0,471445451"," 158,854636591",6226," 9,385978732"," 20854,877192982"," 1047,513239058",SUPPORT," 9831,936983064",23831,2539,68586239,21322981," 51107,480625931",190149," 9,194988757"," 5391,152255935"," 5,010634108"," 8398,180779835"," 17813,685045948",Tahm Kench,1342
" 178,76369863"," 2,372398414"," 11,597701149",46773812," 1376,530253701"," 22,445666196",25247," 3758,140125341"," 6,089041096"," 12,351761252"," 12,446"," 29,358267717"," 25,247"," 1800,460870963",12108," 1,55089379"," 16,279",24316682,1000," 11896,615459883"," 0,489236791"," 365,393",12446," 7,964285714"," 46773,812"," 2873,260765403",MIDDLE," 22883,469667319",16279,2044,39620557,22408536," 37950,725095785",365393," 2,02852322"," 3272,262718864"," 5,923679061"," 10963,080234834"," 22408,536",Taliyah,1044
" 163,896103896"," 2,110970996"," 12,615909091",17954644," 1808,13153259"," 27,171657859",8334," 2716,696020578"," 7,80283353"," 9,839433294"," 16,238329238"," 21,004690573"," 20,476658477"," 1397,752156151",5551," 1,63123899"," 12,552825553",9964779,407," 11764,792207792"," 0,480519481"," 341,081081081",6609," 6,031877214"," 44114,604422604"," 3514,316696027",MIDDLE," 21197,926800472",5109,847,17858544,9237744," 40587,6",138820," 1,261007717"," 3217,176004324"," 6,553719008"," 10906,427390791"," 22697,15970516",Talon,440
" 43,246808511"," 3,123918311"," 9,339439655",9634923," 587,760050048"," 3,281562803",49079," 4190,919095259"," 1,22287234"," 26,105851064"," 2,414915966"," 35,364941279"," 51,553571429"," 6334,207481514",8667," 1,980908944"," 26,025210084",16250422,952," 8643,841489362"," 0,506382979"," 85,403361345",2299," 13,178723404"," 10120,717436975"," 388,881296416",SUPPORT," 5124,959042553",24776,1880,39460480,14562343," 42522,068965517",81304," 21,347977381"," 4552,957193954"," 4,610106383"," 7745,92712766"," 15296,578781513",Taric,928
" 172,446280992"," 1,890269513"," 11,879417879",23739971," 1946,268160463"," 30,164076617",10206," 4507,304157965"," 5,441115702"," 10,54338843"," 10,815195072"," 31,693183976"," 20,95687885"," 2044,930320866",5714," 1,844235634"," 11,363449692",11770713,487," 12159,827479339"," 0,503099174"," 342,767967146",5267," 5,716942149"," 48747,373716632"," 4289,839356704",MIDDLE," 24524,763429752",5534,968,19945465,10770648," 41466,663201663",166928," 1,93772546"," 3490,630906545"," 5,902892562"," 11126,702479339"," 22116,320328542",Teemo,481
" 32,545960054"," 2,734231057"," 10,275642434",59795363," 594,029924591"," 2,538368265",227167," 4003,170850907"," 1,695074898"," 25,779278257"," 3,507161305"," 19,20030796"," 53,338107537"," 4493,263506728",46785," 2,010612122"," 26,528293027",74434352,4259," 8446,930549251"," 0,483318202"," 67,338577131",14937," 12,8216069"," 14039,76590749"," 529,2374407",SUPPORT," 6785,674421244",112984,8812,177644286,67115877," 39016,974741928",286795," 15,208341702"," 3797,035075345"," 5,309237404"," 7616,418179755"," 15758,599906081",Thresh,4553
" 192,292739147"," 2,365955151"," 9,662695458",47728879," 2004,90699623"," 34,94888982",24717," 2913,673096881"," 6,293123319"," 9,495582021"," 13,000793651"," 30,556010012"," 19,616666667"," 1752,90141017",12977," 1,725806452"," 11,366666667",31582213,1260," 12133,00537841"," 0,484056857"," 397,252380952",16381," 5,502112947"," 37880,062698413"," 3332,556835637",ADC," 18336,104110642",14322,2603,46041618,28714278," 34282,664184661",500538," 1,508882242"," 3547,940047777"," 4,98540146"," 11031,224740684"," 22789,10952381",Tristana,1343
" 127,835844389"," 2,737678125"," 8,520017406",51510443," 1046,483796702"," 14,22602037",77096," 3776,425439883"," 3,067236339"," 17,336631437"," 6,347138204"," 41,677859238"," 35,875290833"," 3065,875293255",19579," 1,929281049"," 18,59516054",45765432,2149," 10291,304699798"," 0,483247133"," 264,53513262",13640," 8,986058017"," 23969,494183341"," 1289,017867421",JUNGLE," 11583,189341129",39961,4447,139905310,41818539," 60881,335944299",568486," 5,652199413"," 7145,682108381"," 4,402743423"," 9403,764110636"," 19459,534201954",Trundle,2298
" 208,83772392"," 1,830938996"," 10,240938166",14987278," 2821,201448151"," 51,250840445",9565," 3041,866856099"," 5,191780822"," 10,079030558"," 10,264583333"," 40,224680333"," 19,927083333"," 2214,245179622",4803," 2,473493664"," 8,05625",11988588,480," 12632,864067439"," 0,505795574"," 412,889583333",4927," 4,074815595"," 31223,495833333"," 3875,686061546",JUNGLE," 15792,706006322",3867,949,30659072,10909586," 65371,15565032",198187," 1,941343617"," 6383,317093483"," 5,061116965"," 11495,875658588"," 22728,304166667",Tryndamere,469
" 176,915703174"," 2,641011728"," 10,549977983",87163928," 1443,418499703"," 22,74193374",50178," 3318,002588504"," 5,52238806"," 10,548244692"," 10,567176187"," 32,036086791"," 20,184231698"," 2033,313475447",23959," 1,35594228"," 14,885760257",58336341,2486," 12263,262770654"," 0,522598276"," 338,530973451",26270," 7,779272651"," 35061,917940467"," 2355,3998811",MIDDLE," 18323,297876813",37006,4757,85701426,53415145," 37737,307793923",841588," 1,910087552"," 3577,003464251"," 5,036577675"," 11228,74605844"," 21486,381737731",Twisted Fate,2271
" 166,565217391"," 2,368359563"," 12,426131512",52316565," 1863,689004815"," 27,671749599",21631," 2681,525627883"," 7,854267311"," 8,708132045"," 14,859101295"," 21,206970784"," 16,47448591"," 1428,28692978",14551," 1,446696094"," 11,387661843",30449130,1313," 12258,103864734"," 0,528582931"," 315,116527037",19510," 6,019323671"," 39845,06092917"," 3498,967696629",ADC," 21061,419082126",14952,2484,45056647,27865878," 38477,068317677",413748," 1,10871348"," 3096,463954367"," 5,857890499"," 11218,147342995"," 21223,060167555",Twitch,1171
" 68,679025424"," 2,864578194"," 8,929515419",11597330," 1507,33459688"," 9,452252515",9346," 2439,488851493"," 5,036016949"," 9,900423729"," 9,702040816"," 13,637568363"," 19,073469388"," 2174,759781237",4054," 1,362589299"," 13,997959184",11294191,490," 11964,185381356"," 0,519067797"," 132,312244898",4754," 7,265889831"," 23668,020408163"," 1690,819361423",JUNGLE," 12285,30720339",6859,944,27510046,10338808," 60594,814977974",64833," 1,965923433"," 6785,901825358"," 4,294491525"," 10952,127118644"," 21099,608163265",Udyr,454
" 173,495652174"," 2,086429725"," 10,672413793",4491666," 1646,075914424"," 27,538992409",2618," 3960,904761905"," 4,930434783"," 11,382608696"," 9,947368421"," 35,188712522"," 22,964912281"," 2103,319223986",1238," 1,806763285"," 12,710526316",2593604,114," 11276,539130435"," 0,495652174"," 350,035087719",1134," 6,3"," 39400,578947368"," 3099,838509317",ADC," 19528,982608696",1449,230,4154771,2385164," 35816,99137931",39904," 2,308641975"," 3356,034733441"," 5,382608696"," 10370,27826087"," 20922,49122807",Urgot,116
" 195,04351145"," 2,469859985"," 10,438461538",31649642," 1518,363838341"," 27,032056708",14103," 4332,00684369"," 5,577099237"," 10,765648855"," 11,06969697"," 34,972214618"," 21,368181818"," 1964,354640022",6785," 1,492065171"," 14,321212121",15734643,660," 12011,177862595"," 0,503816794"," 387,131818182",7306," 7,215267176"," 47954,003030303"," 3348,459796868",ADC," 24160,032061069",9452,1310,20952860,14351575," 32235,169230769",255507," 1,930331235"," 3088,114959469"," 5,179389313"," 10955,400763359"," 21744,810606061",Varus,650
" 182,458640459"," 2,01993124"," 11,043612109",70263119," 2051,746840603"," 34,057582552",34585," 2945,672200562"," 6,511875512"," 9,441714442"," 13,916569428"," 28,019368633"," 20,177946324"," 1687,983901396",21524," 1,762382797"," 11,44924154",44101329,1714," 12039,674856675"," 0,467922468"," 389,933488915",23853," 5,357357357"," 40993,651691949"," 3580,46876274",ADC," 19181,850668851",19624,3663,72458160,40263480," 37177,095946639",668346," 1,449922442"," 3366,389146999"," 5,876057876"," 10991,941031941"," 23490,945157526",Vayne,1949
" 167,162703379"," 2,251757188"," 10,479910714",15866210," 1572,35862692"," 24,130623306",10688," 3149,932499504"," 6,304130163"," 13,376720901"," 14,35042735"," 26,516378797"," 30,45014245"," 1727,815167759",4695," 1,930984643"," 15,769230769",9524693,351," 11920,767209011"," 0,439299124"," 380,521367521",5037," 6,927409262"," 45202,877492877"," 2866,523938573",MIDDLE," 19857,584480601",5535,799,14045964,8703005," 31352,598214286",133563," 2,121897955"," 2991,685623003"," 5,876095119"," 10892,371714643"," 24794,886039886",Veigar,448
" 132,396126761"," 2,459265792"," 10,438434983",38716667," 1274,836523009"," 16,479401023",28337," 4492,535042933"," 5,057511737"," 16,629694836"," 10,320958084"," 26,178115572"," 33,936526946"," 2025,123230448",9071," 2,06990504"," 16,395209581",19226507,835," 11283,161384977"," 0,490023474"," 270,183233533",8618," 8,034037559"," 46367,265868263"," 2828,098392988",MIDDLE," 22721,04870892",13690,1704,26443354,17452512," 30429,636363636",225603," 3,288117893"," 2915,153125345"," 5,323356808"," 10242,084507042"," 20901,211976048",Vel'Koz,869
" 48,576078728"," 2,505228943"," 10,390602056",20306666," 1562,701068376"," 6,855662393",13536," 2426,994860763"," 6,333838002"," 10,24678274"," 13,0734375"," 7,669296044"," 21,15"," 1748,163260428",7076," 1,446153846"," 14,625",15768017,640," 11936,424678274"," 0,484481453"," 100,2640625",8367," 7,085541257"," 31729,165625"," 2169,515598291",JUNGLE," 15372,192278577",9360,1321,33641389,14626882," 49399,983847283",64169," 1,617784152"," 4754,294657999"," 5,35654807"," 11072,582891749"," 22854,503125",Vi,681
" 202,306905371"," 2,463176823"," 9,836871069",117771470," 1768,060104475"," 32,359682799",56715," 3943,725345746"," 5,875073775"," 11,157780838"," 11,761717212"," 34,434785521"," 22,337534462"," 1881,439038275",25025," 1,784725282"," 12,515951162",61515567,2539," 12102,216604367"," 0,499508164"," 405,012209531",29863," 6,251819791"," 46384,982276487"," 3706,069293222",MIDDLE," 23169,677355892",31778,5083,83728819,56185414," 32912,271619497",1028326," 1,89917289"," 3345,806953047"," 4,923273657"," 11053,593153649"," 22128,953918866",Viktor,2544
" 198,426971326"," 2,306884481"," 9,704703833",48600827," 1638,483647929"," 30,622208394",23533," 4324,686510055"," 5,034946237"," 10,543458781"," 10,367158672"," 39,409948389"," 21,709409594"," 2108,683840541",11141," 1,627117472"," 13,342250923",25934791,1084," 11619,530017921"," 0,485663082"," 408,569188192",11238," 6,47983871"," 44834,711254613"," 3360,355873609",MIDDLE," 21774,5640681",14463,2232,65751878,23697389," 57275,155052265",442889," 2,094055882"," 5901,793196302"," 4,991487455"," 10617,109767025"," 21861,0599631",Vladimir,1148
" 63,6069869"," 3,051412691"," 9,326133909",13858285," 1266,787767424"," 7,647197795",9287," 2493,842900846"," 6,066593886"," 10,138646288"," 12,267108168"," 10,484793954"," 20,501103753"," 1736,84649991",4318," 1,218926368"," 16,818984547",10502994,453," 11466,150655022"," 0,494541485"," 128,618101545",5557," 8,31768559"," 30592,240618102"," 1818,911274445",JUNGLE," 15129,13209607",7619,916,33981242,9651656," 73393,611231102",58264," 1,671225481"," 7869,671607226"," 4,713973799"," 10536,742358079"," 21306,08388521",Volibear,463
" 50,416666667"," 2,655764967"," 10,078212291",4887768," 1217,782623626"," 5,817307692",3181," 2601,260244811"," 5,592261905"," 9,467261905"," 11,968152866"," 9,015433741"," 20,261146497"," 1887,271420969",1804," 1,092376374"," 18,547770701",3845311,157," 11444,37797619"," 0,467261905"," 107,898089172",1879," 8,666666667"," 31132,280254777"," 1678,491758242",JUNGLE," 14546,928571429",2912,336,12778760,3546183," 71389,720670391",16940," 1,692921767"," 7083,569844789"," 5,369047619"," 10554,116071429"," 22587,152866242",Warwick,179
" 118,747552448"," 2,368976652"," 11,29312763",26513416," 1721,051866319"," 18,425455729",13781," 2689,260168374"," 6,894405594"," 9,637062937"," 13,750348675"," 17,223754945"," 19,220362622"," 1608,805558373",8052," 1,495334201"," 12,853556485",17135910,717," 11983,153846154"," 0,501398601"," 236,832635983",9859," 6,444755245"," 36978,264993026"," 2876,889756944",TOP," 18540,85034965",9216,1430,35099323,15861214," 49227,661991585",169809," 1,397809108"," 4359,081346249"," 5,630769231"," 11091,758041958"," 22121,637377964",Wukong,713
" 175,980443286"," 2,970966858"," 9,658730159",18801259," 1316,743044701"," 21,096748984",9518," 4225,951674534"," 5,800521512"," 12,409387223"," 11,437017995"," 30,338727804"," 24,467866324"," 1893,576534053",3651," 1,487652391"," 16,447300771",9253080,389," 12063,989569752"," 0,507170795"," 346,984575835",4449," 8,341590613"," 48332,285347044"," 2938,615035949",MIDDLE," 24512,723598435",6398,767,11494824,8424522," 30409,587301587",134977," 2,139357159"," 3148,404272802"," 4,760104302"," 10983,731421121"," 21656,868894602",Xerath,378
" 63,655797101"," 2,091469048"," 12,025925926",8954827," 1683,450370793"," 10,022247576",5376," 2725,974733638"," 5,951086957"," 9,739130435"," 11,64893617"," 10,696499239"," 19,063829787"," 1796,705327245",3247," 1,533371363"," 12,432624113",6414947,282," 11621,280797101"," 0,510869565"," 124,602836879",3285," 6,351449275"," 31754,705673759"," 2554,14346834",JUNGLE," 16222,512681159",3506,552,17382876,5902177," 64381,022222222",35138," 1,63652968"," 5353,518940561"," 5,882246377"," 10692,349637681"," 20929,705673759",Xin Zhao,270
" 200,931897759"," 1,894460308"," 12,851376147",102551040," 1956,524141713"," 34,962774545",56109," 3059,672405048"," 5,867822129"," 9,823004202"," 11,220957482"," 34,243011009"," 18,784399063"," 1916,246024406",35020," 1,709233253"," 10,989956478",69997926,2987," 12254,538865546"," 0,522934174"," 384,239370606",33517," 5,74702381"," 34332,453967191"," 3123,984524934",MIDDLE," 17953,613445378",32827,5712,123935414,64226818," 45480,88587156",1147723," 1,674046007"," 3538,989548829"," 6,130952381"," 11244,190826331"," 21502,115165718",Yasuo,2725
" 176,676870748"," 1,781512605"," 10,4125",7978432," 1760,5625"," 30,059606481",3197," 6434,219354839"," 4,217687075"," 10,87414966"," 9,253731343"," 41,889516129"," 23,858208955"," 2453,429032258",1666," 1,850115741"," 12,895522388",3308664,134," 11253,959183673"," 0,455782313"," 387,634328358",1240," 5,87755102"," 59540,537313433"," 4617,148148148",TOP," 27137,523809524",1728,294,11009773,3042252," 68811,08125",51943," 2,578225806"," 6608,507202881"," 5,666666667"," 10347,795918367"," 22703,373134328",Yorick,160
" 57,268137747"," 3,693269952"," 7,589240506",45429211," 997,452114634"," 5,66844265",31438," 3229,258672164"," 4,703443664"," 10,510865931"," 9,970233877"," 12,175789025"," 22,28065202"," 2142,522604492",11991," 1,040373287"," 21,416017009",32938422,1411," 11012,511534604"," 0,471748579"," 121,39546421",14068," 10,102975593"," 32196,46420978"," 1503,382454166",JUNGLE," 15188,63624206",30218,2991,109630441,30141008," 69386,355063291",171289," 2,234717088"," 9142,72712868"," 4,009027081"," 10077,234369776"," 21361,45145287",Zac,1580
" 185,652130823"," 2,243103448"," 10,976095618",80903861," 2251,871995556"," 37,835386791",42764," 2730,102618614"," 7,342418236"," 10,595639247"," 14,612426036"," 25,284875481"," 21,08678501"," 1504,895491665",22040," 2,159361745"," 9,765285996",48452040,2028," 12004,96531219"," 0,502477701"," 369,473372781",29634," 4,906838454"," 39893,422583826"," 4085,228287215",MIDDLE," 20045,555252725",19804,4036,77427929,44596073," 38559,72559761",749292," 1,443072147"," 3513,06392922"," 5,460852329"," 11049,57210109"," 21990,174063116",Zed,2008
" 203,668458781"," 2,487334998"," 8,842271293",14006845," 1593,758559472"," 28,8224702",6253," 4624,247276329"," 5,428315412"," 11,20609319"," 12,56846473"," 37,519643447"," 25,946058091"," 2074,674810168",2803," 1,585848339"," 16,360995851",6867336,241," 12307,053763441"," 0,431899642"," 471,564315353",3029," 7,066308244"," 58119,688796681"," 3552,331980725",MIDDLE," 25101,872759857",3943,558,8998826,6284190," 28387,463722397",113647," 2,064377682"," 3210,426685694"," 5,023297491"," 11261,989247312"," 26075,477178423",Ziggs,317
" 102,839694656"," 3,203939573"," 8,768831169",21277263," 838,726893435"," 9,36802457",29191," 4862,263025594"," 2,783715013"," 18,569338422"," 5,456359102"," 36,943327239"," 36,397755611"," 3307,566270567",6752," 1,69154546"," 21,517456359",16089835,802," 10235,263994911"," 0,510178117"," 201,57605985",4376," 10,977735369"," 26530,253117207"," 1232,964188445",MIDDLE," 13535,154580153",17257,1572,28835628,14473910," 37448,867532468",161664," 6,670703839"," 4270,67950237"," 4,295165394"," 9207,321882952"," 18047,269326683",Zilean,770
" 54,247137405"," 2,161761333"," 12,458095238",44062978," 949,308170473"," 5,354461973",50312," 6256,279710351"," 3,360209924"," 24,003816794"," 6,733269598"," 16,143972739"," 48,099426386"," 2862,21198353",13081," 2,369295974"," 20,301147228",22181875,1046," 10582,955629771"," 0,499045802"," 108,701720841",7043," 10,13120229"," 42125,217973231"," 2075,016623499",MIDDLE," 21022,413167939",21235,2096,34642731,20158559," 32993,077142857",113702," 7,143546784"," 2648,324363581"," 6,240935115"," 9617,633110687"," 19272,044933078",Zyra,1050
